Metric,Value
Mean Squared Error,19866746.23539415
R2 Score,0.9817249005157949
