Model,MAE,R2_Score
RandomForest,932.8926489,0.984162923
KNN,669.8161612,0.981441166
SVM,1250.5432,0.9567
MLP,2285.44103,0.951498668
REPtree,994.6323334,0.981951292
